<?xml version="1.0" encoding="utf-8"?>
<!DOCTYPE hibernate-configuration SYSTEM 
"http://www.hibernate.org/dtd/hibernate-configuration-3.0.dtd">

<hibernate-configuration>
	<session-factory>
		<property name="hibernate.dialect">org.hibernate.dialect.MySQLDialect</property>
		<property name="hibernate.connection.driver_class">com.mysql.jdbc.Driver</property>

		<property name="hibernate.connection.url">jdbc:mysql://localhost:3306/repairman</property>
		<property name="hibernate.connection.username">root</property>
		<property name="hibernate.connection.password">Tester@123</property>
		<property name="hibernate.show_sql">show</property>
		<!--<property name="hibernate.hbm2ddl.auto">create-dropupdate</property> -->
		<property name="hibernate.hbm2ddl.auto">create</property>
		<!-- List of Java mapping files -->
		<mapping class="com.emp.Employee" />
	</session-factory>
</hibernate-configuration>